gesture_name,x_0,y_0,z_0,x_1,y_1,z_1,x_2,y_2,z_2,x_3,y_3,z_3,x_4,y_4,z_4,x_5,y_5,z_5,x_6,y_6,z_6,x_7,y_7,z_7,x_8,y_8,z_8,x_9,y_9,z_9,x_10,y_10,z_10,x_11,y_11,z_11,x_12,y_12,z_12,x_13,y_13,z_13,x_14,y_14,z_14,x_15,y_15,z_15,x_16,y_16,z_16,x_17,y_17,z_17,x_18,y_18,z_18,x_19,y_19,z_19,x_20,y_20,z_20
Love,0.0,0.0,0.0,-0.07291591167449951,-0.020463168621063232,-0.03202029553997576,-0.14362168312072754,-0.07859867811203003,-0.05253014949905932,-0.19574272632598877,-0.1241576075553894,-0.07287025315511286,-0.23880165815353394,-0.14943432807922363,-0.09190571917045176,-0.0974193811416626,-0.23213064670562744,-0.04109065098512232,-0.12583857774734497,-0.33211830258369446,-0.06969884646880686,-0.1428890824317932,-0.39455798268318176,-0.08275505764234126,-0.15426713228225708,-0.45224738121032715,-0.0935216085408932,-0.046959877014160156,-0.23924267292022705,-0.044658395031571985,-0.05030125379562378,-0.30845022201538086,-0.10572071237313807,-0.05073922872543335,-0.22210240364074707,-0.11912020159709513,-0.04988133907318115,-0.1564660668373108,-0.11441904915320933,0.002777278423309326,-0.22834455966949463,-0.05205457521426737,0.005307316780090332,-0.2831302285194397,-0.11518911136138499,-0.00537264347076416,-0.19978070259094238,-0.11603984845626414,-0.015136182308197021,-0.1396769881248474,-0.10010912878263056,0.04976874589920044,-0.2048320174217224,-0.06112542612302363,0.08286780118942261,-0.27815327048301697,-0.11180253935802043,0.11149269342422485,-0.32156601548194885,-0.12751701338040888,0.13485407829284668,-0.3709520101547241,-0.1294420198892361
Love,0.0,0.0,0.0,-0.0711013674736023,-0.020979762077331543,-0.03216959561412125,-0.1416199803352356,-0.07952964305877686,-0.052713096395180514,-0.19244617223739624,-0.126318097114563,-0.07306776593630104,-0.23444479703903198,-0.15273308753967285,-0.09227598856394081,-0.09508264064788818,-0.23182103037834167,-0.041419688865588,-0.12216556072235107,-0.3290690779685974,-0.07022039245073586,-0.1384814977645874,-0.38984808325767517,-0.08384261678163796,-0.1489202380180359,-0.4460179805755615,-0.09509887944166451,-0.04471534490585327,-0.2389482855796814,-0.04480168621246605,-0.04530829191207886,-0.30818432569503784,-0.1056705678552845,-0.04738348722457886,-0.22210478782653809,-0.12001314412061959,-0.0490451455116272,-0.1567288637161255,-0.11616951625053673,0.005035817623138428,-0.22798100113868713,-0.051932428285525134,0.01014167070388794,-0.28330427408218384,-0.11471108745043068,-0.001313924789428711,-0.2013280987739563,-0.11708932767812996,-0.012506723403930664,-0.14190274477005005,-0.1025333220810154,0.05150490999221802,-0.20412588119506836,-0.060697872445032885,0.08511108160018921,-0.27447351813316345,-0.11174524228279381,0.11445248126983643,-0.31604117155075073,-0.1287280807942608,0.13885653018951416,-0.36365416646003723,-0.13162881533806114
Love,0.0,0.0,0.0,-0.0727391242980957,0.0029204487800598145,-0.032691267142631375,-0.1553235650062561,-0.02850240468978882,-0.053930678228475415,-0.21730291843414307,-0.05295008420944214,-0.07505801768098053,-0.26336055994033813,-0.0656813383102417,-0.09458003641162094,-0.1445467472076416,-0.19281262159347534,-0.0389083072641867,-0.19612085819244385,-0.276040256023407,-0.06754519493375,-0.22729861736297607,-0.3273307681083679,-0.08115811348948654,-0.25082874298095703,-0.37639808654785156,-0.09212574810776886,-0.10004180669784546,-0.21749639511108398,-0.042198919514753186,-0.12309014797210693,-0.27990812063217163,-0.10351953358445343,-0.1046135425567627,-0.19809377193450928,-0.11748642177376922,-0.08723670244216919,-0.13501685857772827,-0.11281563789639648,-0.049945294857025146,-0.22538647055625916,-0.0494337238470095,-0.06305104494094849,-0.2785523533821106,-0.11166572273764785,-0.0534939169883728,-0.19377350807189941,-0.11096428782735046,-0.0467647910118103,-0.13183903694152832,-0.09380327613148864,0.0010523796081542969,-0.22239145636558533,-0.05859480128679451,0.013716936111450195,-0.3054853081703186,-0.10677880496773895,0.029617786407470703,-0.3589346706867218,-0.12008199543748077,0.039713144302368164,-0.4174094796180725,-0.12047896982226547
Love,0.0,0.0,0.0,-0.07151728868484497,0.025415122509002686,-0.03388478816520646,-0.1558225154876709,0.02137523889541626,-0.05605806247364953,-0.22017794847488403,0.018454432487487793,-0.07779666991006806,-0.2692856788635254,0.018797755241394043,-0.09791400493156388,-0.1722370982170105,-0.1399107575416565,-0.04172344715368226,-0.23649537563323975,-0.20393118262290955,-0.07167316437732651,-0.276427686214447,-0.24457097053527832,-0.08585907728445008,-0.3096913695335388,-0.2865210175514221,-0.09715940267812684,-0.13344275951385498,-0.17904233932495117,-0.044631807366723564,-0.16942840814590454,-0.22426265478134155,-0.10612563253414109,-0.13728809356689453,-0.1474473476409912,-0.1190306714273639,-0.10905176401138306,-0.0929451584815979,-0.11369235278140977,-0.08667045831680298,-0.2015453577041626,-0.05169808329116776,-0.10974794626235962,-0.23632165789604187,-0.11472807289134934,-0.08502614498138428,-0.15589994192123413,-0.11377283395301774,-0.06819891929626465,-0.10026353597640991,-0.09621334285509064,-0.03794580698013306,-0.21369412541389465,-0.06071768165599778,-0.04083603620529175,-0.2981717884540558,-0.10941334278356507,-0.033856213092803955,-0.35509300231933594,-0.1227388030387111,-0.03421652317047119,-0.4149407744407654,-0.12302109063636735
Love,0.0,0.0,0.0,-0.07597124576568604,0.005205094814300537,-0.030559614980584016,-0.15792149305343628,-0.024698913097381592,-0.050575976008540025,-0.2191116213798523,-0.0463719367980957,-0.07117495008743369,-0.26966845989227295,-0.05546659231185913,-0.09059991010463797,-0.14246517419815063,-0.18456608057022095,-0.033140969211226334,-0.19027340412139893,-0.27045533061027527,-0.05855180391109549,-0.22000449895858765,-0.31942838430404663,-0.06947290965355002,-0.24289309978485107,-0.36741942167282104,-0.07762300291097723,-0.09464943408966064,-0.20818355679512024,-0.03659167581236922,-0.11028653383255005,-0.26498091220855713,-0.0934030867461022,-0.08818519115447998,-0.1884012222290039,-0.10735596784389578,-0.06863659620285034,-0.13058626651763916,-0.10319276967084967,-0.04575294256210327,-0.21763008832931519,-0.04372796484268271,-0.05398154258728027,-0.261883020401001,-0.10199520804918372,-0.040698468685150146,-0.183609277009964,-0.10240936347282492,-0.03233367204666138,-0.12851816415786743,-0.08655682274139487,0.004077911376953125,-0.218336284160614,-0.05245329507625662,0.01370859146118164,-0.3021518290042877,-0.09271516718900763,0.027232587337493896,-0.355924129486084,-0.10129433938301169,0.03477245569229126,-0.41296905279159546,-0.09918910332954489
Love,0.0,0.0,0.0,-0.0708993673324585,-0.003913760185241699,-0.025521833560802065,-0.1476486325263977,-0.04252147674560547,-0.04149932239148768,-0.20364755392074585,-0.07068592309951782,-0.05780795041415843,-0.24653923511505127,-0.08256608247756958,-0.07296271819565447,-0.1245429515838623,-0.19604432582855225,-0.028632231167890154,-0.16584515571594238,-0.27760785818099976,-0.051860733068920695,-0.1903296709060669,-0.3306862711906433,-0.06302299547884616,-0.20918607711791992,-0.3792158365249634,-0.0723140482971445,-0.08253055810928345,-0.2148047685623169,-0.03304708573911341,-0.10721772909164429,-0.2741200923919678,-0.08618819910977038,-0.0967821478843689,-0.2012121081352234,-0.09926545817349108,-0.08371835947036743,-0.13981571793556213,-0.09561778057310732,-0.035714030265808105,-0.2186097800731659,-0.0407159869739786,-0.053749024868011475,-0.2689512372016907,-0.09543611306641253,-0.049510955810546875,-0.19442865252494812,-0.09653259266112002,-0.04444444179534912,-0.13807860016822815,-0.08250212866757067,0.012209594249725342,-0.21205034852027893,-0.04964084003064784,0.025297343730926514,-0.2902505099773407,-0.09146437991354617,0.040200650691986084,-0.34115588665008545,-0.10410306055042895,0.050052106380462646,-0.39467981457710266,-0.10536132205221804
Love,0.0,0.0,0.0,-0.07336485385894775,-0.00010979175567626953,-0.029757794920264757,-0.14944612979888916,-0.03444993495941162,-0.049649474207221544,-0.20613515377044678,-0.0625685453414917,-0.06978543195491937,-0.24835020303726196,-0.07664787769317627,-0.08820664975410608,-0.1323290467262268,-0.19098281860351562,-0.03106454852586893,-0.1745293140411377,-0.2713097929954529,-0.0570130431986442,-0.1986815333366394,-0.323262095451355,-0.07006321195131449,-0.21690231561660767,-0.3722156882286072,-0.08044658694034723,-0.09069418907165527,-0.2107108235359192,-0.03496528137093691,-0.11602914333343506,-0.2722999155521393,-0.09118470642334131,-0.10877764225006104,-0.19581785798072815,-0.10579003486400751,-0.09848290681838989,-0.13392820954322815,-0.10234988573557047,-0.043992698192596436,-0.21537113189697266,-0.04271489847069887,-0.06344205141067505,-0.2642877995967865,-0.10032042208677439,-0.06147110462188721,-0.18680188059806824,-0.10238478425508646,-0.057761311531066895,-0.12986993789672852,-0.08783841225868372,0.003941833972930908,-0.20968475937843323,-0.05211484897500185,0.015620589256286621,-0.2901765704154968,-0.09547927323347238,0.029893040657043457,-0.3429635167121887,-0.10867911669975427,0.03920549154281616,-0.39940212666988373,-0.1096081444955459
Love,0.0,0.0,0.0,-0.07501065731048584,-0.007795810699462891,-0.0312561564761733,-0.1551647186279297,-0.050544679164886475,-0.051265651794109246,-0.21548223495483398,-0.08548301458358765,-0.07082299372735967,-0.26182061433792114,-0.10005789995193481,-0.08880833020988455,-0.13046425580978394,-0.21258321404457092,-0.03523694580975523,-0.1730365753173828,-0.29918336868286133,-0.06204973390880575,-0.19981521368026733,-0.356223464012146,-0.07568482539239874,-0.22036251425743103,-0.40861743688583374,-0.08729797831359853,-0.086963951587677,-0.2316802442073822,-0.038291300149593255,-0.11183750629425049,-0.2956523597240448,-0.09509764841381063,-0.10421037673950195,-0.21364015340805054,-0.10760742655578603,-0.09404689073562622,-0.15123581886291504,-0.1031277128178214,-0.03751581907272339,-0.2334420084953308,-0.04531672826591482,-0.05666553974151611,-0.2880554795265198,-0.1032393821198081,-0.055537402629852295,-0.2053406536579132,-0.10178508839193334,-0.052151501178741455,-0.14446628093719482,-0.08545942089143743,0.013298571109771729,-0.2237514853477478,-0.05435985928956022,0.028459548950195312,-0.3049401044845581,-0.10059359154287328,0.04439055919647217,-0.35793107748031616,-0.11438291749540319,0.05590742826461792,-0.41574813425540924,-0.11576110354248037
Love,0.0,0.0,0.0,-0.0721856951713562,-0.006862998008728027,-0.02786505357065927,-0.1454126238822937,-0.04714071750640869,-0.04589321412781011,-0.19845348596572876,-0.07770854234695435,-0.06466647558549177,-0.24030989408493042,-0.09321898221969604,-0.08175554447510969,-0.12151873111724854,-0.1976078450679779,-0.02567401476839315,-0.15999186038970947,-0.2806280851364136,-0.0478478180680586,-0.1828894019126892,-0.33170515298843384,-0.0574545668874098,-0.19990336894989014,-0.37895409762859344,-0.06513509475329649,-0.0802718997001648,-0.21390026807785034,-0.029584943733008018,-0.10024172067642212,-0.2786162495613098,-0.08082421444991361,-0.09289485216140747,-0.2060762643814087,-0.09284735792020093,-0.08359736204147339,-0.14816904067993164,-0.08811149322131406,-0.034301817417144775,-0.21552029252052307,-0.037251449606211295,-0.04942554235458374,-0.27301880717277527,-0.09088032268622648,-0.04789918661117554,-0.1958898901939392,-0.09106808476784956,-0.04541778564453125,-0.1403617560863495,-0.07579337381461393,0.011967122554779053,-0.20641636848449707,-0.046470254144461265,0.025295674800872803,-0.2847503423690796,-0.08544390224555265,0.038390517234802246,-0.3339165449142456,-0.09562298231461774,0.04683125019073486,-0.38861796259880066,-0.09491039388516676
Love,0.0,0.0,0.0,-0.07023876905441284,-0.004394590854644775,-0.025972521019108186,-0.14052021503448486,-0.042451322078704834,-0.04213432790053595,-0.19230222702026367,-0.07307159900665283,-0.05874015958321799,-0.23220443725585938,-0.08815312385559082,-0.0737889428557228,-0.11520463228225708,-0.18771931529045105,-0.024467934009559045,-0.15230584144592285,-0.26721012592315674,-0.04487412617815245,-0.1754496693611145,-0.3159170150756836,-0.05396536560071219,-0.1926087737083435,-0.36028246581554413,-0.0615564715982746,-0.07692199945449829,-0.20232990384101868,-0.02778750852955092,-0.09819632768630981,-0.2642093002796173,-0.07553029255283583,-0.09274929761886597,-0.1965121030807495,-0.08650380567920912,-0.08358728885650635,-0.14061996340751648,-0.08207357124698866,-0.03381645679473877,-0.20402801036834717,-0.0345874075712036,-0.050012826919555664,-0.26034092903137207,-0.08389451549661864,-0.04861330986022949,-0.19024866819381714,-0.08386606172931899,-0.04467880725860596,-0.13819867372512817,-0.06988495783222426,0.010487973690032959,-0.1967003345489502,-0.0429632608712982,0.02275627851486206,-0.2711128890514374,-0.08016163305652846,0.03432154655456543,-0.3183366656303406,-0.09093073205364455,0.04228144884109497,-0.36971499025821686,-0.0912219752491783
Love,0.0,0.0,0.0,-0.06553363800048828,-0.005812168121337891,-0.027589184898047847,-0.13303905725479126,-0.04302084445953369,-0.044911065804868144,-0.1827845573425293,-0.07443594932556152,-0.06207540418496649,-0.22211569547653198,-0.09207764267921448,-0.07778880532374899,-0.11088687181472778,-0.18625086545944214,-0.026927983122973842,-0.14531075954437256,-0.26185011863708496,-0.04849212403884451,-0.16557633876800537,-0.3090856075286865,-0.058819813388495845,-0.1804800033569336,-0.353158637881279,-0.06723741974225561,-0.07217824459075928,-0.2015904188156128,-0.02954659398189108,-0.08731740713119507,-0.26420116424560547,-0.07813575651040594,-0.0812845230102539,-0.19692149758338928,-0.09050678994050543,-0.0746564269065857,-0.14154866337776184,-0.08705386306634466,-0.02938288450241089,-0.2025046944618225,-0.03566373671880285,-0.04093295335769653,-0.25584572553634644,-0.08660483147492926,-0.03973102569580078,-0.18635863065719604,-0.08837130452981512,-0.03834807872772217,-0.13512840867042542,-0.07540690686097662,0.013916075229644775,-0.1930030882358551,-0.04318269501915495,0.026677727699279785,-0.2632852792739868,-0.08200329329362432,0.04019284248352051,-0.3073357939720154,-0.09351182516208212,0.04903334379196167,-0.3565506935119629,-0.09416393722882788
Love,0.0,0.0,0.0,0.05954107642173767,0.016039907932281494,-0.023003306058882345,0.11814415454864502,0.008754432201385498,-0.03758717869007455,0.1665862798690796,0.0022118091583251953,-0.05200513247930871,0.2027139663696289,0.00801384449005127,-0.06621308792912828,0.12902945280075073,-0.12619322538375854,-0.02704272773647176,0.16827231645584106,-0.18791288137435913,-0.044284937722324,0.1862066388130188,-0.22982507944107056,-0.05329480562889444,0.20253103971481323,-0.2678133249282837,-0.060883322549699415,0.09649491310119629,-0.14946120977401733,-0.03113673609280454,0.11851727962493896,-0.20349949598312378,-0.06948069651210176,0.10246902704238892,-0.1481277346611023,-0.0832154469617592,0.08934932947158813,-0.10189926624298096,-0.08426065911137925,0.05901709198951721,-0.15940600633621216,-0.036934045893787015,0.07271575927734375,-0.20820456743240356,-0.07443693448388444,0.0643996000289917,-0.1449059247970581,-0.07851965148532258,0.05952119827270508,-0.09753376245498657,-0.07277608085954057,0.021994203329086304,-0.16043856739997864,-0.04411434177839624,0.010395914316177368,-0.22360780835151672,-0.0685863884218918,0.002409636974334717,-0.259213924407959,-0.07548976857745515,0.0017952322959899902,-0.3034098148345947,-0.07744747568452226
Love,0.0,0.0,0.0,0.06005436182022095,0.01516878604888916,-0.022338699126009942,0.11886826157569885,0.006310164928436279,-0.036125225522880555,0.16700264811515808,-0.0014055371284484863,-0.049677768298749925,0.20266994833946228,0.004745364189147949,-0.06299017513669014,0.12670263648033142,-0.12843793630599976,-0.02632803055024624,0.16561195254325867,-0.1919044852256775,-0.04355474332845688,0.18301984667778015,-0.2344985008239746,-0.0529538668183136,0.19889673590660095,-0.2736998200416565,-0.061019455590610505,0.09388712048530579,-0.15035247802734375,-0.03044085534787655,0.1161978542804718,-0.20405364036560059,-0.06899519408619881,0.10174807906150818,-0.14713209867477417,-0.08314013625061989,0.0897645652294159,-0.10009914636611938,-0.08459322298443794,0.05663958191871643,-0.15912574529647827,-0.036216800608997346,0.07043251395225525,-0.20904570817947388,-0.07360202217972756,0.06381109356880188,-0.1459859013557434,-0.07814526701844215,0.060065239667892456,-0.09827184677124023,-0.0728334128347683,0.019704371690750122,-0.15948385000228882,-0.0433200053361702,0.007612556219100952,-0.2228548526763916,-0.06791094834483147,-0.0004042088985443115,-0.2590698003768921,-0.07537719006217003,-0.001018613576889038,-0.3036569654941559,-0.07780072236931801
Love,0.0,0.0,0.0,0.0591968297958374,0.01604294776916504,-0.023151949283317208,0.1176331639289856,0.007349908351898193,-0.03745549195690501,0.16550928354263306,9.870529174804688e-05,-0.05144694471044886,0.20094811916351318,0.006967484951019287,-0.06513172039075243,0.12609565258026123,-0.1273665428161621,-0.027372995626762986,0.16482985019683838,-0.19040298461914062,-0.04509194963856089,0.18262672424316406,-0.23266711831092834,-0.05465283640904772,0.19845914840698242,-0.2717438340187073,-0.06267743953748095,0.09308004379272461,-0.1492592990398407,-0.031114990126923203,0.11455392837524414,-0.2011382281780243,-0.06975552090688097,0.10011231899261475,-0.14354872703552246,-0.08348749228997576,0.08833402395248413,-0.09753572940826416,-0.08468410768790591,0.05588081479072571,-0.1579880714416504,-0.036575693872407555,0.068789541721344,-0.2066325545310974,-0.07404751726670611,0.06229960918426514,-0.14275586605072021,-0.07775961258693087,0.058490633964538574,-0.09546273946762085,-0.07183909067197192,0.019147217273712158,-0.15832695364952087,-0.043485477801993966,0.007234156131744385,-0.22157609462738037,-0.06810977705998766,-0.0005391836166381836,-0.2575721740722656,-0.07497183629556048,-0.0010609924793243408,-0.3027619421482086,-0.07687286683602679
Love,0.0,0.0,0.0,0.05929490923881531,0.016751348972320557,-0.02321983355949442,0.1180906891822815,0.00907355546951294,-0.03745683323512594,0.16648101806640625,0.002225160598754883,-0.051364656946759624,0.20197993516921997,0.00844639539718628,-0.0650639724350981,0.1265748143196106,-0.12507683038711548,-0.02768411155710737,0.16525298357009888,-0.18912234902381897,-0.04531062807808439,0.1836501955986023,-0.23133912682533264,-0.05494723509917776,0.20039260387420654,-0.2701200246810913,-0.06316882040272276,0.09405112266540527,-0.14694643020629883,-0.031398818305831355,0.115511953830719,-0.20020413398742676,-0.0699278679109625,0.10103708505630493,-0.14260727167129517,-0.08381004299889128,0.08922642469406128,-0.09595644474029541,-0.0852937367178015,0.05689552426338196,-0.15560051798820496,-0.03683072369466345,0.07047116756439209,-0.20539283752441406,-0.07422688271770994,0.06383782625198364,-0.14194929599761963,-0.07828294899235289,0.05981859564781189,-0.0941394567489624,-0.07276726182470838,0.019746840000152588,-0.1562417447566986,-0.04371775355110685,0.00867733359336853,-0.2192409634590149,-0.06874160882006208,0.000690162181854248,-0.25576382875442505,-0.07627728249798338,-0.00040665268898010254,-0.30111730098724365,-0.07873904373417417
Love,0.0,0.0,0.0,0.059239208698272705,0.01655900478363037,-0.022527791187712864,0.11771926283836365,0.0076787471771240234,-0.03648268580491276,0.16618075966835022,0.0011498332023620605,-0.050253321976015286,0.2017204463481903,0.007251381874084473,-0.06382438316995831,0.1254439651966095,-0.12571191787719727,-0.027838937566230015,0.16491898894309998,-0.19023960828781128,-0.04522880688364239,0.18379494547843933,-0.2319147288799286,-0.05425179153735371,0.20086070895195007,-0.2705247104167938,-0.06203384101445408,0.09251329302787781,-0.14736992120742798,-0.03195867464000912,0.11378678679466248,-0.20006880164146423,-0.0702687032526228,0.09925636649131775,-0.14230960607528687,-0.08360038474256726,0.08751818537712097,-0.09678393602371216,-0.08481284752542706,0.055198848247528076,-0.15578994154930115,-0.037708690018007474,0.0682041347026825,-0.20634719729423523,-0.07496488615925045,0.062177956104278564,-0.1429622769355774,-0.07855710908825131,0.058749645948410034,-0.09600871801376343,-0.07283857241327496,0.018327564001083374,-0.1560923457145691,-0.0448814645415041,0.006321698427200317,-0.2198038101196289,-0.0698424257343504,-0.0015840530395507812,-0.2565397620201111,-0.07712843790704937,-0.0023142993450164795,-0.30276376008987427,-0.07947582528049679
Love,0.0,0.0,0.0,0.05997022986412048,0.016419649124145508,-0.023505976153849417,0.11835011839866638,0.009322106838226318,-0.038283122433661276,0.16670748591423035,0.0026680827140808105,-0.052592647923468405,0.20308473706245422,0.007967352867126465,-0.06662369306230431,0.1270042359828949,-0.12577146291732788,-0.029027528791068846,0.16648516058921814,-0.1893458068370819,-0.04676377187514191,0.18529894948005676,-0.23120498657226562,-0.056544432146786505,0.20245042443275452,-0.27004796266555786,-0.06488241787099724,0.09378740191459656,-0.14795753359794617,-0.032683511926173026,0.11448970437049866,-0.19906571507453918,-0.07098674560928231,0.10034981369972229,-0.14134210348129272,-0.084856999768256,0.08883944153785706,-0.09516531229019165,-0.08664869303846245,0.05602371692657471,-0.15698060393333435,-0.03798942054653054,0.0686657726764679,-0.205831378698349,-0.07500119294071084,0.06341201066970825,-0.14297550916671753,-0.07912707115554696,0.06040617823600769,-0.09551775455474854,-0.07400253201866036,0.01834961771965027,-0.15787509083747864,-0.04476909871244317,0.006948113441467285,-0.2218298614025116,-0.0696464308633793,-0.0014334917068481445,-0.25845766067504883,-0.07699419344806557,-0.0028909146785736084,-0.30392441153526306,-0.07941920842075234
Love,0.0,0.0,0.0,0.05940404534339905,0.01670461893081665,-0.023491483596416174,0.1175491213798523,0.00987786054611206,-0.03855163272962159,0.1662222146987915,0.004139721393585205,-0.053254478094430624,0.20259392261505127,0.00868767499923706,-0.06767936464891022,0.1272619366645813,-0.12410545349121094,-0.02975379903361386,0.16670161485671997,-0.18794947862625122,-0.04803076800450867,0.18605124950408936,-0.23000049591064453,-0.058079738584609686,0.20348280668258667,-0.2688899636268616,-0.06661501940831727,0.09414893388748169,-0.1465359926223755,-0.03344525810823029,0.11481636762619019,-0.19553685188293457,-0.0724430796180684,0.10008746385574341,-0.13668161630630493,-0.08652721014365738,0.08805686235427856,-0.09060978889465332,-0.08849981096133774,0.056491732597351074,-0.1561165452003479,-0.03878601309403962,0.0699198842048645,-0.2046511173248291,-0.07649985369786805,0.06377702951431274,-0.14146322011947632,-0.0805687349711377,0.05984759330749512,-0.09368342161178589,-0.07538479235515183,0.019152700901031494,-0.15723207592964172,-0.04559398856505936,0.008087396621704102,-0.22122228145599365,-0.07116873976335114,-0.0003262460231781006,-0.2578379213809967,-0.07882040408000535,-0.0018138289451599121,-0.30312585830688477,-0.08141127642736024
Love,0.0,0.0,0.0,0.059118807315826416,0.01780533790588379,-0.023190231287927077,0.11774951219558716,0.011319637298583984,-0.03756295819029276,0.16664034128189087,0.004907727241516113,-0.05161448124989931,0.20187324285507202,0.010791301727294922,-0.06537038762316172,0.1262357234954834,-0.12196916341781616,-0.027921156251878188,0.16575908660888672,-0.18551021814346313,-0.04553219232901995,0.18508994579315186,-0.22807589173316956,-0.05529289249524538,0.20258879661560059,-0.266965389251709,-0.06369889456972544,0.09350711107254028,-0.14410829544067383,-0.03164130751237337,0.1154821515083313,-0.19365710020065308,-0.07009862292751734,0.10105055570602417,-0.1360136866569519,-0.0841980941985554,0.08894270658493042,-0.09002453088760376,-0.08613169867739146,0.0565246045589447,-0.15366506576538086,-0.03705833781704371,0.07033812999725342,-0.2011774480342865,-0.07416997034296458,0.06459426879882812,-0.1386948823928833,-0.07843743194088404,0.06069129705429077,-0.09136176109313965,-0.0734336145614094,0.019762098789215088,-0.1552468240261078,-0.04397762868747179,0.009086847305297852,-0.21797674894332886,-0.06888820905432169,0.0010105669498443604,-0.25394362211227417,-0.07641842890724604,-0.00024148821830749512,-0.2984687387943268,-0.07904625613436167
Love,0.0,0.0,0.0,0.05891621112823486,0.01777094602584839,-0.023378137525575937,0.11743640899658203,0.01134192943572998,-0.03814074213470775,0.16616058349609375,0.005059599876403809,-0.052597267579692186,0.2020728588104248,0.009782016277313232,-0.06684763173426944,0.12623298168182373,-0.12259447574615479,-0.029069058623569788,0.16690677404403687,-0.18592563271522522,-0.046871205818312944,0.18711340427398682,-0.22756725549697876,-0.05630568231310207,0.20520764589309692,-0.2658921778202057,-0.06436117182339984,0.09338998794555664,-0.1446107029914856,-0.032798243713038744,0.11577785015106201,-0.19269898533821106,-0.07154339740838367,0.10063499212265015,-0.13353335857391357,-0.0851824898537572,0.08791834115982056,-0.08731216192245483,-0.08673964629735309,0.05605164170265198,-0.15410146117210388,-0.038217144113438906,0.07059347629547119,-0.20092254877090454,-0.07596674750413257,0.06415951251983643,-0.13709264993667603,-0.07992946545447666,0.05968070030212402,-0.08930075168609619,-0.07453309933509189,0.019086003303527832,-0.15565431118011475,-0.04508194888796169,0.008243858814239502,-0.2199196219444275,-0.07055717895593006,0.00011020898818969727,-0.25668033957481384,-0.07812386940087634,-0.0012343525886535645,-0.30210474133491516,-0.08065407912101108
Love,0.0,0.0,0.0,0.058897197246551514,0.017180204391479492,-0.023441640500337257,0.11718007922172546,0.011053681373596191,-0.038349291149884834,0.1659112274646759,0.004765570163726807,-0.053010886375219,0.20217540860176086,0.009102046489715576,-0.06740004739573635,0.12629076838493347,-0.1214417815208435,-0.02851840465179123,0.1666634976863861,-0.18579590320587158,-0.04622293433955349,0.186940997838974,-0.22719639539718628,-0.05547883904388584,0.2049131691455841,-0.2652044892311096,-0.06334718487075008,0.09383246302604675,-0.143507182598114,-0.032286176298171654,0.11638256907463074,-0.19333574175834656,-0.07078194788506664,0.10203853249549866,-0.13506412506103516,-0.08446563950589336,0.08970323204994202,-0.08938157558441162,-0.08605142108014263,0.05673930048942566,-0.15316063165664673,-0.03777944839409031,0.07152125239372253,-0.2022693157196045,-0.07533429733327068,0.06550946831703186,-0.13963985443115234,-0.07936892828753628,0.06124010682106018,-0.0926438570022583,-0.0740471871834103,0.019647151231765747,-0.15496012568473816,-0.044749429289609566,0.009189069271087646,-0.2184952199459076,-0.07025751641801037,0.0018481314182281494,-0.2548200786113739,-0.07794658264926113,0.0009596049785614014,-0.29988914728164673,-0.08050886711886562
Love,0.0,0.0,0.0,0.05927687883377075,0.01723116636276245,-0.022993625063172374,0.11724525690078735,0.011200368404388428,-0.038229863080850635,0.16572612524032593,0.006324112415313721,-0.05339236829029659,0.20178431272506714,0.012064814567565918,-0.06841113689886669,0.12657874822616577,-0.12105631828308105,-0.029502677652708087,0.16779303550720215,-0.183854877948761,-0.047215881678930316,0.18795663118362427,-0.22489240765571594,-0.05607586998092273,0.2062777876853943,-0.2626662850379944,-0.06364422563063243,0.09432989358901978,-0.1436862051486969,-0.03376795623051265,0.11762011051177979,-0.19196009635925293,-0.07263831320749858,0.10292041301727295,-0.13254600763320923,-0.08594333652006725,0.0905342698097229,-0.0852440595626831,-0.08713115278231243,0.05743902921676636,-0.1534700095653534,-0.03967090967642406,0.0729292631149292,-0.199941486120224,-0.07743738118158916,0.06661832332611084,-0.13621556758880615,-0.08132792535769084,0.062047719955444336,-0.08829140663146973,-0.07581674579130748,0.02078494429588318,-0.15473109483718872,-0.04697681489931682,0.010978341102600098,-0.21919813752174377,-0.07221178982006649,0.0032691359519958496,-0.25656867027282715,-0.07960667732702831,0.0017847120761871338,-0.3021949827671051,-0.08204087886559108
Love,0.0,0.0,0.0,0.05865079164505005,0.018993139266967773,-0.023433634832855432,0.11701363325119019,0.014398813247680664,-0.038637339890357225,0.16548222303390503,0.009832620620727539,-0.0537138169709408,0.20140749216079712,0.016461491584777832,-0.06863228586351511,0.12807583808898926,-0.11765152215957642,-0.029152137980219095,0.1704617738723755,-0.18034866452217102,-0.046850297421570986,0.19163745641708374,-0.22083032131195068,-0.055713925332185,0.2101559042930603,-0.25826147198677063,-0.06329360958969232,0.0960572361946106,-0.14080142974853516,-0.03305281308328745,0.11951369047164917,-0.18875008821487427,-0.07208426651394007,0.10452800989151001,-0.12975889444351196,-0.0856318211260998,0.09153461456298828,-0.08362823724746704,-0.0869772395197117,0.05911800265312195,-0.1514110565185547,-0.03866160270607111,0.07478600740432739,-0.1986764371395111,-0.07685813662445184,0.06770342588424683,-0.13536840677261353,-0.08098643627798197,0.06253713369369507,-0.0885041356086731,-0.07557440158760187,0.02213403582572937,-0.15368077158927917,-0.045676000237818926,0.012391865253448486,-0.21704170107841492,-0.07154453155433771,0.005012154579162598,-0.2533149719238281,-0.07930285093223688,0.0040367841720581055,-0.2984873652458191,-0.0818686967793667
Love,0.0,0.0,0.0,0.058172255754470825,0.02050638198852539,-0.02549944231208201,0.11657506227493286,0.018087804317474365,-0.04149666400547858,0.16585880517959595,0.01387035846710205,-0.05689794542189475,0.20236217975616455,0.019050002098083496,-0.07195245819087859,0.12904304265975952,-0.11451524496078491,-0.031105240526756006,0.17210018634796143,-0.17709189653396606,-0.04976166384216185,0.1937880516052246,-0.2182501256465912,-0.05950069772001143,0.21289527416229248,-0.25549226999282837,-0.06758447335954543,0.09627866744995117,-0.1379339098930359,-0.034202702063282686,0.11959916353225708,-0.18705302476882935,-0.07427475945945616,0.10419172048568726,-0.1301257610321045,-0.08849010961051818,0.09089571237564087,-0.08428043127059937,-0.0900282894253337,0.058969080448150635,-0.14893358945846558,-0.039163991528710085,0.07298004627227783,-0.19495585560798645,-0.07813202189203139,0.06567227840423584,-0.13190138339996338,-0.08262779908176299,0.06064915657043457,-0.08472675085067749,-0.07719889627691146,0.022051453590393066,-0.15184736251831055,-0.045734137016495424,0.011698544025421143,-0.21511709690093994,-0.07212491677995558,0.00455862283706665,-0.25167137384414673,-0.08005062090154524,0.004345893859863281,-0.29654213786125183,-0.08252099500890608
Love,0.0,0.0,0.0,-0.05186930298805237,-0.037607789039611816,0.004722034609457637,-0.09520643949508667,-0.0906527042388916,-0.004716484756627892,-0.13364019989967346,-0.1395176649093628,-0.014464891464868401,-0.16402137279510498,-0.17301911115646362,-0.024868261018255566,-0.0613861083984375,-0.19263386726379395,-0.035764712789514874,-0.08938738703727722,-0.29785460233688354,-0.052529178508976315,-0.10810327529907227,-0.3588905334472656,-0.059942748346784924,-0.1215476393699646,-0.4044133722782135,-0.06477687502787433,-0.02621743083000183,-0.2011171281337738,-0.03918710718438945,-0.012234151363372803,-0.2842578887939453,-0.04856175551698527,-0.004952430725097656,-0.2477569282054901,-0.03698935727165065,-0.008870601654052734,-0.2119927704334259,-0.02861097077415309,0.012371242046356201,-0.1920209527015686,-0.04031956190750918,0.027044951915740967,-0.26530617475509644,-0.0469408668069633,0.031228631734848022,-0.23294195532798767,-0.029000656628468846,0.02674916386604309,-0.20030754804611206,-0.017164342054584836,0.049042075872421265,-0.17722243070602417,-0.04019335279748759,0.07422810792922974,-0.25491446256637573,-0.050938945212820386,0.08908021450042725,-0.2958812713623047,-0.046879671463230466,0.09624812006950378,-0.3388628661632538,-0.04232114175842128
Love,0.0,0.0,0.0,-0.057592928409576416,-0.039893507957458496,0.0007129378015946486,-0.09837394952774048,-0.09235352277755737,-0.009684365756825741,-0.13694950938224792,-0.13910067081451416,-0.02006295281650239,-0.16584928333759308,-0.1725693941116333,-0.03107679221035653,-0.05877792835235596,-0.1930450201034546,-0.033361313447372254,-0.0839625895023346,-0.2982042133808136,-0.04786419267954045,-0.10018858313560486,-0.35866814851760864,-0.053673201754705246,-0.11127287149429321,-0.40498214960098267,-0.05739412601293736,-0.022608548402786255,-0.2023126482963562,-0.03528167824448758,-0.011839300394058228,-0.2798231840133667,-0.042935812428609665,-0.007788658142089844,-0.24449887871742249,-0.03243471081556493,-0.01241976022720337,-0.20809981226921082,-0.025083435282127198,0.01646372675895691,-0.1926577091217041,-0.035400392070428666,0.0237734317779541,-0.2631814777851105,-0.041096524849550065,0.026836514472961426,-0.23154538869857788,-0.024789748296157654,0.023576170206069946,-0.1998336911201477,-0.014031638905422028,0.0524861216545105,-0.17552924156188965,-0.034713847145454224,0.07561108469963074,-0.2544817328453064,-0.04299326013030225,0.09054321050643921,-0.293523371219635,-0.037896928891555604,0.09877058863639832,-0.3336153030395508,-0.032863629564658936
Love,0.0,0.0,0.0,-0.05935204029083252,-0.0407218337059021,-0.0016276110412647427,-0.10118564963340759,-0.09383660554885864,-0.012773786949189514,-0.1411488652229309,-0.13999181985855103,-0.023673870878489822,-0.17178310453891754,-0.17296302318572998,-0.03518714876678786,-0.056009531021118164,-0.19682472944259644,-0.030572534816535324,-0.07731956243515015,-0.3018720746040344,-0.04181308420208296,-0.09154915809631348,-0.36168864369392395,-0.0459444832971414,-0.101357102394104,-0.40827709436416626,-0.04906418295410475,-0.018689870834350586,-0.20430579781532288,-0.031131149547370285,-0.010626792907714844,-0.27406129240989685,-0.036483665274651855,-0.008873850107192993,-0.23780056834220886,-0.026714361550482124,-0.013668864965438843,-0.20238268375396729,-0.020412666069539398,0.020418226718902588,-0.19264161586761475,-0.03006907300856909,0.02638682723045349,-0.2563374638557434,-0.03418197976258597,0.028452187776565552,-0.22405537962913513,-0.019072328971894592,0.024659037590026855,-0.1939992904663086,-0.009446976984115452,0.056107282638549805,-0.17413759231567383,-0.028418711664350838,0.07984349131584167,-0.2496483027935028,-0.03474167855289778,0.09440872073173523,-0.2868639826774597,-0.02933980272916159,0.1023709774017334,-0.32656723260879517,-0.024444842057498306
Love,0.0,0.0,0.0,0.06671273708343506,-0.0009970664978027344,-0.024090868133114895,0.12796667218208313,-0.02499908208847046,-0.045143493163394055,0.17886623740196228,-0.04065382480621338,-0.06728846271614941,0.22257348895072937,-0.047913193702697754,-0.08970226039271267,0.11915943026542664,-0.16008520126342773,-0.04087293584923657,0.1555284559726715,-0.2436835765838623,-0.06680217077116879,0.1764800250530243,-0.2975728511810303,-0.08130739321093472,0.19183316826820374,-0.3438566327095032,-0.09109611501078518,0.08083635568618774,-0.17829549312591553,-0.04672405188064488,0.1108679473400116,-0.18082255125045776,-0.0959435298023692,0.10414710640907288,-0.10561329126358032,-0.1121350421486369,0.09078124165534973,-0.05629950761795044,-0.11359923769812497,0.039383262395858765,-0.17954319715499878,-0.05395603989343556,0.06145980954170227,-0.19357788562774658,-0.09925049980263623,0.06075015664100647,-0.12214618921279907,-0.10140017856936367,0.0551723837852478,-0.0739482045173645,-0.09247936000208767,0.00022912025451660156,-0.1707930564880371,-0.0625079019842616,-0.010973066091537476,-0.241083562374115,-0.09115601767878445,-0.018871396780014038,-0.2832777500152588,-0.09525288333277615,-0.02510860562324524,-0.328584760427475,-0.09321397234778317
Love,0.0,0.0,0.0,0.062214046716690063,0.005616605281829834,-0.025816037983268814,0.12225395441055298,-0.011116325855255127,-0.04569405476805599,0.17266380786895752,-0.02267855405807495,-0.06599252830502422,0.21447700262069702,-0.02410709857940674,-0.08600425134655865,0.11722910404205322,-0.14607703685760498,-0.03792607198712261,0.1589779257774353,-0.22392022609710693,-0.060740908340186195,0.17983871698379517,-0.27430838346481323,-0.07186193923708828,0.19530850648880005,-0.3196374773979187,-0.07954756330010326,0.08235520124435425,-0.16356056928634644,-0.04296988408324154,0.1166796088218689,-0.1858322024345398,-0.0916329191183749,0.11173295974731445,-0.11339837312698364,-0.10790974061247738,0.09820407629013062,-0.05892080068588257,-0.10828957121130856,0.044186949729919434,-0.16900134086608887,-0.04977343763467701,0.06672176718711853,-0.18735575675964355,-0.0950133369421664,0.07070764899253845,-0.11599963903427124,-0.10048515509125622,0.0685567557811737,-0.06705081462860107,-0.09304712127205761,0.006964772939682007,-0.16788506507873535,-0.057921861962050514,-0.002596348524093628,-0.237726092338562,-0.085196369991273,-0.007839947938919067,-0.279410183429718,-0.09158215831276806,-0.011417925357818604,-0.3258149027824402,-0.09184997688290508
Love,0.0,0.0,0.0,0.05846253037452698,-0.004498898983001709,-0.018810611234943764,0.11514565348625183,-0.029739737510681152,-0.03433898838047256,0.16081812977790833,-0.048214077949523926,-0.05114634336714019,0.19907692074775696,-0.05432671308517456,-0.06776404382471313,0.10673919320106506,-0.15348881483078003,-0.026904189975898163,0.1396706998348236,-0.23541808128356934,-0.046539410965483086,0.16005060076713562,-0.28327488899230957,-0.057269100116531746,0.1761954128742218,-0.32530099153518677,-0.06531018020395507,0.07422873377799988,-0.16830021142959595,-0.033555731194059746,0.1064174473285675,-0.20190086960792542,-0.07549535484794845,0.10747525095939636,-0.13308197259902954,-0.09138390423540343,0.09646978974342346,-0.0796172022819519,-0.09375120701078643,0.03791821002960205,-0.17210376262664795,-0.041475188003818886,0.06175416707992554,-0.2165607213973999,-0.08003903927091827,0.06804797053337097,-0.14789021015167236,-0.08388453723673095,0.06506243348121643,-0.09505116939544678,-0.0781039893794464,0.0016068220138549805,-0.1672307252883911,-0.050387557612697975,-0.01388058066368103,-0.238326758146286,-0.07524452360157241,-0.023043841123580933,-0.277293860912323,-0.08145458252910842,-0.03060474991798401,-0.32060506939888,-0.08268017323498
Love,0.0,0.0,0.0,0.06047067046165466,0.006798088550567627,-0.02829379966045309,0.11843845248222351,-0.0069727301597595215,-0.04801995312357832,0.16677793860435486,-0.017948627471923828,-0.06721387808705259,0.20526692271232605,-0.016714811325073242,-0.08620914822007109,0.11819300055503845,-0.14489907026290894,-0.03851492708111692,0.15278229117393494,-0.22178217768669128,-0.060063093952187785,0.17177245020866394,-0.2677806615829468,-0.07196907704258848,0.18781229853630066,-0.3108266592025757,-0.0813110396781056,0.07957866787910461,-0.16521477699279785,-0.041527468762645015,0.09587451815605164,-0.20764917135238647,-0.08725417410517622,0.08914932608604431,-0.13699698448181152,-0.1040250808515637,0.07883194088935852,-0.08231544494628906,-0.10665414487505842,0.03833022713661194,-0.1726233959197998,-0.04632547502900053,0.048141419887542725,-0.22003352642059326,-0.08812620495940138,0.05069580674171448,-0.15001291036605835,-0.09404959534789015,0.04964756965637207,-0.09673017263412476,-0.08943358813906599,-0.0006531774997711182,-0.1701493263244629,-0.05286666756058622,-0.02095627784729004,-0.23754039406776428,-0.07978574936772276,-0.035421013832092285,-0.2731895446777344,-0.08790690457011152,-0.04564651846885681,-0.3181399703025818,-0.09066770230914045
Love,0.0,0.0,0.0,0.0585705041885376,0.017475903034210205,-0.019344032902718133,0.11958026885986328,0.018710851669311523,-0.03468040299832875,0.16822022199630737,0.01880502700805664,-0.05102398169457967,0.20290857553482056,0.029554426670074463,-0.0673258483153587,0.13579070568084717,-0.11770176887512207,-0.020360839713812418,0.18051040172576904,-0.17442083358764648,-0.03494262245714719,0.2030717134475708,-0.2088611125946045,-0.04232360345542485,0.22319185733795166,-0.24108436703681946,-0.04855671820461804,0.11047178506851196,-0.14499568939208984,-0.026718625028133935,0.1515774130821228,-0.1931399703025818,-0.06491224018156583,0.1411604881286621,-0.13618683815002441,-0.08138274696886594,0.1226775050163269,-0.08708339929580688,-0.08335154053986127,0.07798677682876587,-0.16173261404037476,-0.03426558819830472,0.11426734924316406,-0.21192073822021484,-0.07130048719465787,0.11030805110931396,-0.14895260334014893,-0.07904349562943036,0.09910118579864502,-0.09863162040710449,-0.07493239936649854,0.04242071509361267,-0.16988980770111084,-0.04252868813693578,0.04059845209121704,-0.24055135250091553,-0.06596542445242459,0.04019513726234436,-0.28023362159729004,-0.07448316660940701,0.0417959988117218,-0.32360029220581055,-0.0772607803088432
Love,0.0,0.0,0.0,0.05618211627006531,0.023152470588684082,-0.018361636966949035,0.11803105473518372,0.02893364429473877,-0.032146671385055114,0.16633901000022888,0.03200995922088623,-0.046941155165916015,0.2001533806324005,0.045175015926361084,-0.06156594079781108,0.14598485827445984,-0.10317140817642212,-0.014894787751620342,0.18983164429664612,-0.15513837337493896,-0.02781659697044425,0.21348121762275696,-0.1866854727268219,-0.03488379117894702,0.23458454012870789,-0.21427366137504578,-0.040866804838662674,0.11998268961906433,-0.13352394104003906,-0.02135605697382026,0.16348490118980408,-0.17855527997016907,-0.05930289772201114,0.14755943417549133,-0.12497544288635254,-0.07677787688422733,0.12277981638908386,-0.07752561569213867,-0.07863120135713153,0.08661147952079773,-0.15427029132843018,-0.02907613065887027,0.12229010462760925,-0.20115700364112854,-0.065619410545116,0.11358430981636047,-0.14103597402572632,-0.07418548461843066,0.09924390912055969,-0.09183549880981445,-0.07017803338218265,0.05013704299926758,-0.16681456565856934,-0.03741378110695415,0.05527409911155701,-0.2367299199104309,-0.060176075965648224,0.0585174560546875,-0.2770789563655853,-0.0683570369784885,0.0644373893737793,-0.3214789032936096,-0.07073704299378925
Love,0.0,0.0,0.0,0.05395627021789551,0.02929168939590454,-0.018762964667848436,0.1152607798576355,0.03753286600112915,-0.032646991225055544,0.16297823190689087,0.041389286518096924,-0.04750138139920601,0.19496428966522217,0.05511486530303955,-0.061881001951269,0.14589381217956543,-0.09318888187408447,-0.015032893890611021,0.19078737497329712,-0.14377892017364502,-0.027365878136924593,0.21517884731292725,-0.17350798845291138,-0.034129436971715776,0.2371828556060791,-0.20063593983650208,-0.040422286750844805,0.12311065196990967,-0.12583470344543457,-0.021070649759939997,0.1661778688430786,-0.16685712337493896,-0.0587616636474646,0.15227895975112915,-0.10847920179367065,-0.07591513535576233,0.12888753414154053,-0.05949234962463379,-0.07814410320120224,0.09240791201591492,-0.15037447214126587,-0.028437061147860376,0.13038963079452515,-0.20085829496383667,-0.0636616720874823,0.12408995628356934,-0.13766449689865112,-0.07141496977405914,0.10943222045898438,-0.08663338422775269,-0.06770608565407166,0.056839168071746826,-0.16646826267242432,-0.03668954214649567,0.06382441520690918,-0.23854032158851624,-0.058923546137384264,0.06974339485168457,-0.27896854281425476,-0.06759001305895218,0.07720884680747986,-0.3231152892112732,-0.07084091744022736
Love,0.0,0.0,0.0,0.052151650190353394,0.038845181465148926,-0.01644953129222415,0.11132416129112244,0.057373642921447754,-0.028185790156626922,0.15596601366996765,0.06840276718139648,-0.0415303816401007,0.18531396985054016,0.08277565240859985,-0.054696641614341956,0.14941498637199402,-0.0724332332611084,-0.00924639379014991,0.1991274654865265,-0.10910677909851074,-0.020185043787265045,0.22522416710853577,-0.13266706466674805,-0.02661964086225055,0.2491401731967926,-0.1551188826560974,-0.03268468355169318,0.13130828738212585,-0.10667192935943604,-0.01618012947371028,0.18165472149848938,-0.13925397396087646,-0.05157608141531966,0.16443869471549988,-0.08527380228042603,-0.06879245092501662,0.13992968201637268,-0.041225969791412354,-0.07137192388405822,0.1050364077091217,-0.13522011041641235,-0.024524809544587356,0.1523056924343109,-0.17715021967887878,-0.058361153801584464,0.14105269312858582,-0.11748933792114258,-0.06628124018540404,0.12276503443717957,-0.0709228515625,-0.06275219072928451,0.0729791522026062,-0.1570676565170288,-0.03365553890695594,0.09116145968437195,-0.2268427014350891,-0.05481625696053527,0.10377559065818787,-0.2642422914505005,-0.06298226465811751,0.11725452542304993,-0.302036315202713,-0.06595254292120956
Love,0.0,0.0,0.0,0.06119546294212341,0.011679768562316895,-0.01351542218841928,0.12062159180641174,0.0024281740188598633,-0.024565972455519614,0.16836580634117126,-0.0032976865768432617,-0.03831487714566606,0.20407095551490784,0.0010897517204284668,-0.05127210363068002,0.12306895852088928,-0.12550896406173706,-0.009587429531592306,0.15822800993919373,-0.18672797083854675,-0.02954058728434461,0.16272541880607605,-0.17120683193206787,-0.04380895390428918,0.1590351164340973,-0.15541940927505493,-0.05173483683981317,0.0958642065525055,-0.14418089389801025,-0.01554873778738397,0.13468411564826965,-0.18461108207702637,-0.04312801181592363,0.12553170323371887,-0.12677264213562012,-0.05555806129493135,0.10687074065208435,-0.08598107099533081,-0.05868274539031404,0.06469368934631348,-0.15410912036895752,-0.0240961351177873,0.10190877318382263,-0.19331073760986328,-0.04793840467252153,0.09944838285446167,-0.14039570093154907,-0.04787942587651628,0.08615896105766296,-0.09852558374404907,-0.042023455791849074,0.030436277389526367,-0.15665173530578613,-0.03419556661762613,0.06279441714286804,-0.1954318881034851,-0.0497702565721454,0.0743507444858551,-0.17956611514091492,-0.04839706241406816,0.07405638694763184,-0.16325747966766357,-0.04380828335203546
Love,0.0,0.0,0.0,0.05830612778663635,-0.03775382041931152,-0.02673908700430161,0.10754379630088806,-0.09548300504684448,-0.046766815755603375,0.15058866143226624,-0.13655084371566772,-0.06663511512064701,0.18493780493736267,-0.15638720989227295,-0.0855792966225124,0.050796329975128174,-0.2157076895236969,-0.03714399975919491,0.049570947885513306,-0.3139388859272003,-0.05734659549975163,0.04741528630256653,-0.3698866367340088,-0.0664067473747707,0.04552987217903137,-0.4170071482658386,-0.07339085457110173,0.010751843452453613,-0.20747855305671692,-0.041702060077426495,0.02413654327392578,-0.25996825098991394,-0.08830720004820591,0.04458954930305481,-0.19082599878311157,-0.1033037286736942,0.05321985483169556,-0.13301992416381836,-0.10361551311993367,-0.027540594339370728,-0.18858271837234497,-0.04799663839125401,-0.027438998222351074,-0.2453690767288208,-0.0899784397819019,0.0004705488681793213,-0.18566399812698364,-0.09441832271599537,0.0183640718460083,-0.13696837425231934,-0.08824747619414097,-0.06170174479484558,-0.16315191984176636,-0.05589710739636189,-0.10201942920684814,-0.21794703602790833,-0.0818602648117519,-0.12615928053855896,-0.2474760115146637,-0.08876845804238087,-0.1499052494764328,-0.2860853970050812,-0.09060222474121815
Love,0.0,0.0,0.0,0.057941555976867676,-0.035928547382354736,-0.028828410651446035,0.10768604278564453,-0.09494858980178833,-0.04787867351985042,0.15093979239463806,-0.1404091715812683,-0.06677401274061268,0.189988911151886,-0.16349172592163086,-0.08517426460599964,0.05237343907356262,-0.22179442644119263,-0.03284626289820736,0.05756545066833496,-0.3169236183166504,-0.0524529761037833,0.056370824575424194,-0.3697531521320343,-0.06204394831872051,0.05462789535522461,-0.41727983951568604,-0.06948100238657062,0.010836899280548096,-0.21580040454864502,-0.03635908871507709,0.015647977590560913,-0.27106955647468567,-0.08219591736412113,0.03303244709968567,-0.20758512616157532,-0.09900422602510517,0.04187723994255066,-0.15333062410354614,-0.10061120450115268,-0.029244840145111084,-0.19604432582855225,-0.04207460045433109,-0.0366668701171875,-0.2532309591770172,-0.08436212151861255,-0.008574515581130981,-0.19743168354034424,-0.09097301423168247,0.011293530464172363,-0.15137118101119995,-0.08570423185443943,-0.06535094976425171,-0.16858619451522827,-0.04953669964885776,-0.10725241899490356,-0.22542011737823486,-0.07516904383516376,-0.13197503983974457,-0.25656235218048096,-0.08255814969158237,-0.1560630202293396,-0.2963446378707886,-0.08442891597366398
Love,0.0,0.0,0.0,0.06130322813987732,-0.028958618640899658,-0.028769285866278693,0.1172940731048584,-0.08206707239151001,-0.04710873726870446,0.16288962960243225,-0.1232990026473999,-0.065544394293088,0.20177564024925232,-0.14153891801834106,-0.08343336496617226,0.06960681080818176,-0.22093167901039124,-0.03037658099200158,0.08315584063529968,-0.3174665570259094,-0.050814842322129294,0.08714243769645691,-0.37175077199935913,-0.06067910183336167,0.09022635221481323,-0.4213941991329193,-0.06782869015004067,0.026942342519760132,-0.22034528851509094,-0.03407041121389298,0.03226014971733093,-0.28660446405410767,-0.08135714892413048,0.043703049421310425,-0.21623876690864563,-0.09855390105511574,0.0492706298828125,-0.156829833984375,-0.09921097520853905,-0.015572726726531982,-0.20592427253723145,-0.04001853007938294,-0.01916217803955078,-0.26790156960487366,-0.08503135804201989,0.0023605823516845703,-0.20324426889419556,-0.09193309161927132,0.016939103603363037,-0.15217727422714233,-0.08511049810912041,-0.05465441942214966,-0.18530899286270142,-0.047538803407210395,-0.090157151222229,-0.25029972195625305,-0.07422335956360726,-0.11189720034599304,-0.28419092297554016,-0.08119111273552804,-0.13337835669517517,-0.328143447637558,-0.08200165394808678
Love,0.0,0.0,0.0,0.06056267023086548,-0.025569021701812744,-0.02803871594713314,0.11763599514961243,-0.07256931066513062,-0.04646161757753475,0.16251012682914734,-0.10939639806747437,-0.0649442542378722,0.2005782127380371,-0.12656879425048828,-0.08279044367716892,0.07312396168708801,-0.21225029230117798,-0.030469013381463128,0.0894453227519989,-0.3072236180305481,-0.050717407840949136,0.09591567516326904,-0.36110126972198486,-0.06035429798410519,0.10224857926368713,-0.4103761613368988,-0.06725564040587528,0.032822489738464355,-0.21441975235939026,-0.03413947485731228,0.046579509973526,-0.2777559161186218,-0.08065999485896214,0.05736279487609863,-0.20630228519439697,-0.09766823239968403,0.06048262119293213,-0.14627623558044434,-0.09840648807929142,-0.007993578910827637,-0.20293420553207397,-0.039922492582064706,-0.006787627935409546,-0.2632066011428833,-0.08397349156783207,0.01349136233329773,-0.19645744562149048,-0.09101925231860264,0.02624383568763733,-0.14390969276428223,-0.08465882577345951,-0.046333134174346924,-0.18493151664733887,-0.047184588391047555,-0.07942444086074829,-0.25202226638793945,-0.07312736846850498,-0.09934265911579132,-0.2876182198524475,-0.08025454171345814,-0.1192655861377716,-0.3323918581008911,-0.08145735599444492
Love,0.0,0.0,0.0,0.06014329195022583,-0.021868348121643066,-0.02785364784987987,0.1181291937828064,-0.06675148010253906,-0.04617833220156253,0.16303247213363647,-0.10215568542480469,-0.06431225933822216,0.199957013130188,-0.12030595541000366,-0.08173984535726131,0.0758037269115448,-0.20400604605674744,-0.030229552320562014,0.09435504674911499,-0.2992948293685913,-0.049081421128831515,0.1028929054737091,-0.35547053813934326,-0.057600739083610186,0.10950767993927002,-0.4052088260650635,-0.06395871438773693,0.0377672016620636,-0.20736825466156006,-0.03355028354319156,0.05673208832740784,-0.27178069949150085,-0.07891005524190486,0.06511175632476807,-0.20187881588935852,-0.09563888855966152,0.0641920268535614,-0.14249539375305176,-0.09638704606088222,-0.0016335844993591309,-0.19883999228477478,-0.03881282605918468,0.0031090378761291504,-0.2614399492740631,-0.08213630565198482,0.022002041339874268,-0.1967087984085083,-0.08894426622184337,0.032271236181259155,-0.14575934410095215,-0.0827164227584225,-0.039980560541152954,-0.18423211574554443,-0.04546495028527797,-0.07093590497970581,-0.25335589051246643,-0.0714840392092091,-0.08960014581680298,-0.28981608152389526,-0.07857631393464626,-0.1084294468164444,-0.33416667580604553,-0.07986175515445293
Love,0.0,0.0,0.0,0.060372233390808105,-0.02091801166534424,-0.02550239471242488,0.11744716763496399,-0.06459933519363403,-0.04286590760097564,0.16336649656295776,-0.09699058532714844,-0.06051030179009498,0.200916588306427,-0.11266332864761353,-0.07745377888426841,0.0764426589012146,-0.20132750272750854,-0.027284581041789657,0.09320217370986938,-0.2980935275554657,-0.04550106992468894,0.10496515035629272,-0.355285108089447,-0.05448382516846717,0.11488771438598633,-0.4034307301044464,-0.06113524903998435,0.039034366607666016,-0.2045488953590393,-0.03189248760685981,0.061146289110183716,-0.2686149477958679,-0.07638885249838889,0.07280927896499634,-0.20159092545509338,-0.0941001715277201,0.07279300689697266,-0.14127129316329956,-0.09593875875220359,0.0002595186233520508,-0.19715195894241333,-0.038376590064621574,0.009017884731292725,-0.2596835196018219,-0.08128045668349326,0.028849631547927856,-0.19374310970306396,-0.0890788154815203,0.0386674702167511,-0.140267014503479,-0.08385126461730064,-0.036789536476135254,-0.18287765979766846,-0.04612447862968505,-0.06797632575035095,-0.2534470558166504,-0.0720388757203585,-0.0863502025604248,-0.29244858026504517,-0.07981041987881721,-0.10412813723087311,-0.33855974674224854,-0.08190030773625434
Love,0.0,0.0,0.0,0.06116652488708496,-0.021041274070739746,-0.026753113276232643,0.11874622106552124,-0.06413859128952026,-0.045425216338504715,0.16569849848747253,-0.09774941205978394,-0.06432806946979897,0.2048504650592804,-0.1140362024307251,-0.08254651971804039,0.08080622553825378,-0.20238524675369263,-0.029515052816738052,0.10173752903938293,-0.29961350560188293,-0.04859198131309883,0.11298617720603943,-0.35474079847335815,-0.05752868824349777,0.12279734015464783,-0.40352147817611694,-0.06429591276394264,0.04269710183143616,-0.20708435773849487,-0.03406555079566376,0.06393751502037048,-0.2710249423980713,-0.08038160451399223,0.07447934150695801,-0.20007967948913574,-0.09842209764467613,0.07494378089904785,-0.13818544149398804,-0.10020105787264244,0.002373307943344116,-0.20030027627944946,-0.04045078404890434,0.010094642639160156,-0.2647020220756531,-0.08405910678850548,0.03040507435798645,-0.19668298959732056,-0.09157923110472099,0.041857898235321045,-0.14158529043197632,-0.08613736428963081,-0.03648826479911804,-0.1863114833831787,-0.048225010416377945,-0.06677642464637756,-0.2564919888973236,-0.0743413741205825,-0.08500024676322937,-0.2963542640209198,-0.08233704664455788,-0.10272835195064545,-0.3440319001674652,-0.08464779951321022
Love,0.0,0.0,0.0,0.06276682019233704,-0.021230757236480713,-0.024321255699909727,0.12235304713249207,-0.06780004501342773,-0.04104614766053061,0.1695585548877716,-0.1032901406288147,-0.058249251411474745,0.20833411812782288,-0.11789083480834961,-0.07488760115317206,0.08341389894485474,-0.2078092098236084,-0.027891108260668318,0.1044926643371582,-0.3054235875606537,-0.04632267119101385,0.11640128493309021,-0.36152374744415283,-0.054638293997562926,0.12628218531608582,-0.4092671275138855,-0.060911131517208617,0.043900132179260254,-0.21211236715316772,-0.03325056792906622,0.06683224439620972,-0.27599963545799255,-0.07956514270714621,0.07643571496009827,-0.2039346694946289,-0.09709091247729162,0.07506939768791199,-0.14131665229797363,-0.09827883304766516,0.002661198377609253,-0.20491468906402588,-0.040268679575241606,0.011493831872940063,-0.27018165588378906,-0.08450667323283056,0.031622081995010376,-0.20103830099105835,-0.09235495837143759,0.04237496852874756,-0.1450234055519104,-0.08697873117140631,-0.03699877858161926,-0.19029343128204346,-0.04832225056103567,-0.06909333169460297,-0.26184484362602234,-0.07558839531353811,-0.08812999725341797,-0.3021478056907654,-0.08433007957152228,-0.10597437620162964,-0.3506484031677246,-0.08701202036551337
Love,0.0,0.0,0.0,-0.0681309700012207,-0.011410772800445557,-0.02751639949235951,-0.13657760620117188,-0.05850720405578613,-0.04591103920791184,-0.18578964471817017,-0.09710848331451416,-0.064871518854833,-0.2269892692565918,-0.1185273826122284,-0.08289895111773049,-0.09895652532577515,-0.19405150413513184,-0.031455992703175895,-0.132213294506073,-0.2783026695251465,-0.0567182404742006,-0.1534271240234375,-0.3287038803100586,-0.06966443264935052,-0.1686144471168518,-0.37717442214488983,-0.07965133989307915,-0.05697149038314819,-0.20478099584579468,-0.035695879702306144,-0.06396842002868652,-0.26410260796546936,-0.09012375677082574,-0.057382047176361084,-0.19180265069007874,-0.10482229197475945,-0.0503920316696167,-0.13396835327148438,-0.10215228701088463,-0.014258861541748047,-0.201534241437912,-0.043127587978577964,-0.01582324504852295,-0.2557937204837799,-0.09636814052317177,-0.01609140634536743,-0.18513715267181396,-0.09682033861134087,-0.016733884811401367,-0.13149338960647583,-0.08265875184986626,0.028171420097351074,-0.18834900856018066,-0.0522425612256292,0.04585409164428711,-0.260032594203949,-0.08982150906775033,0.06236785650253296,-0.3038250803947449,-0.09850880408737694,0.07486611604690552,-0.35105574131011963,-0.0972184454843763
Love,0.0,0.0,0.0,-0.06488579511642456,-0.00995779037475586,-0.025852507403570257,-0.1314619779586792,-0.05190080404281616,-0.042990966191965185,-0.18002384901046753,-0.08500462770462036,-0.0604213163764058,-0.2173359990119934,-0.10181933641433716,-0.07698066388674363,-0.09466630220413208,-0.1878141164779663,-0.031128516843992315,-0.12581318616867065,-0.2674476206302643,-0.055253440937477194,-0.14539718627929688,-0.31628942489624023,-0.06831724052734955,-0.1592985987663269,-0.36239413917064667,-0.07924504434176072,-0.05427205562591553,-0.19852441549301147,-0.03502060701556786,-0.06274861097335815,-0.25810256600379944,-0.08651223634787186,-0.05816882848739624,-0.1881677210330963,-0.10032216315575226,-0.053391993045806885,-0.1338401734828949,-0.09845571075983628,-0.012409567832946777,-0.19578275084495544,-0.041902965357976996,-0.015037357807159424,-0.25151559710502625,-0.09218969797201737,-0.015767693519592285,-0.1848372220993042,-0.09240453546352967,-0.016389071941375732,-0.13424897193908691,-0.07977170353241547,0.029290080070495605,-0.18213799595832825,-0.050487487068849646,0.04917299747467041,-0.2476484775543213,-0.08980915551491364,0.06834965944290161,-0.28706857562065125,-0.10102803116150483,0.08395367860794067,-0.33126527070999146,-0.1019046366722165
Love,0.0,0.0,0.0,-0.06337237358093262,-0.011463820934295654,-0.025868863239917772,-0.12819409370422363,-0.05173128843307495,-0.043542700260911005,-0.17709100246429443,-0.08284574747085571,-0.06127523481849195,-0.21559381484985352,-0.09635019302368164,-0.07822963818911077,-0.0914202332496643,-0.18601146340370178,-0.03171935528520109,-0.12104958295822144,-0.26301002502441406,-0.055474633723530786,-0.1402909755706787,-0.31139642000198364,-0.0686393104493952,-0.15411245822906494,-0.35681410133838654,-0.07986675426367285,-0.051392197608947754,-0.19640663266181946,-0.035177009552750604,-0.05857020616531372,-0.25557956099510193,-0.08509354516867162,-0.05503404140472412,-0.18767866492271423,-0.09875497445467474,-0.05082559585571289,-0.13455745577812195,-0.0976053126156664,-0.010241389274597168,-0.1929183006286621,-0.04154034927490713,-0.012375593185424805,-0.24811670184135437,-0.09087120965126516,-0.015384137630462646,-0.18229380249977112,-0.09175137653950216,-0.017252802848815918,-0.1321927011013031,-0.0803580529988146,0.03028571605682373,-0.17781803011894226,-0.04949940964582922,0.051555752754211426,-0.24024277925491333,-0.08876849189404012,0.07132613658905029,-0.27777042984962463,-0.10069280341270925,0.08776909112930298,-0.32103431224823,-0.10251003727320196
Love,0.0,0.0,0.0,-0.06325727701187134,-0.011100232601165771,-0.02485003228497007,-0.12847721576690674,-0.05295836925506592,-0.0413955701441715,-0.17679578065872192,-0.08483225107192993,-0.05830678994965055,-0.21456366777420044,-0.09799766540527344,-0.07454181368660429,-0.09185153245925903,-0.18724888563156128,-0.03056064154219129,-0.12071073055267334,-0.26559507846832275,-0.053740817114825035,-0.13896524906158447,-0.3133714199066162,-0.06593296583008268,-0.15173566341400146,-0.3582277297973633,-0.07622466887545087,-0.05169498920440674,-0.1969222128391266,-0.034438933238501335,-0.05829477310180664,-0.257630854845047,-0.08426540251087644,-0.054800570011138916,-0.19007441401481628,-0.09768576081108549,-0.05146604776382446,-0.13759922981262207,-0.09597049559664228,-0.01033097505569458,-0.19355249404907227,-0.04114380757522085,-0.012037694454193115,-0.24936044216156006,-0.09063612575840452,-0.013651549816131592,-0.18363448977470398,-0.09174218679975965,-0.015167593955993652,-0.13412055373191833,-0.0800121640713165,0.030584514141082764,-0.17909082770347595,-0.049322816535944725,0.05193603038787842,-0.24241593480110168,-0.088536984279866,0.0715685486793518,-0.28041523694992065,-0.10045394207548597,0.08741682767868042,-0.32355067133903503,-0.10198601986479261
Love,0.0,0.0,0.0,-0.06310164928436279,-0.011613965034484863,-0.02469065966372952,-0.12819582223892212,-0.05513763427734375,-0.040899282268338055,-0.17621225118637085,-0.08801954984664917,-0.05742137315040097,-0.21397888660430908,-0.09923458099365234,-0.07321484195356831,-0.09204596281051636,-0.18939948081970215,-0.029091468027882428,-0.12121224403381348,-0.266843318939209,-0.05136142852073178,-0.1396297812461853,-0.3140581250190735,-0.06303606735830769,-0.15261071920394897,-0.35829222202301025,-0.07304933475618824,-0.05194908380508423,-0.1993512511253357,-0.03281676950221524,-0.058484673500061035,-0.2581515312194824,-0.08143828617697224,-0.05488485097885132,-0.19044196605682373,-0.09415070521002278,-0.05151945352554321,-0.1382274031639099,-0.0920444633281754,-0.01043546199798584,-0.19569921493530273,-0.039387525937609524,-0.01262044906616211,-0.2506469488143921,-0.08787617640858159,-0.013719439506530762,-0.1843002736568451,-0.0882145072734879,-0.01488715410232544,-0.13493135571479797,-0.07607254939442143,0.030604958534240723,-0.18075886368751526,-0.04745563673143849,0.05128365755081177,-0.2434789538383484,-0.08562299417620167,0.07018744945526123,-0.2810162901878357,-0.09672707872753605,0.08521401882171631,-0.3242790400981903,-0.09777549462681279
Love,0.0,0.0,0.0,-0.06207609176635742,-0.011682629585266113,-0.02499019213700393,-0.12630349397659302,-0.05457186698913574,-0.04145452798092464,-0.1740770936012268,-0.08770406246185303,-0.058222100592494996,-0.21187740564346313,-0.099953293800354,-0.07412347987973789,-0.09402734041213989,-0.1896989643573761,-0.029190337739230188,-0.12323355674743652,-0.26692718267440796,-0.0515244458683739,-0.14189380407333374,-0.3137581944465637,-0.0628544543751488,-0.155048668384552,-0.3581796884536743,-0.07255548284137348,-0.0541682243347168,-0.20042350888252258,-0.032766785926462205,-0.06205177307128906,-0.2593834400177002,-0.08148817763412097,-0.05772256851196289,-0.19134294986724854,-0.09398175821387866,-0.05293726921081543,-0.1391524374485016,-0.09157639042222598,-0.012287735939025879,-0.19739234447479248,-0.03929189265453914,-0.015343546867370605,-0.25207430124282837,-0.08807883457028964,-0.01730930805206299,-0.18636447191238403,-0.08898683682763675,-0.018870234489440918,-0.1372447907924652,-0.07710148439490894,0.02931910753250122,-0.18298324942588806,-0.04729495242917636,0.05042314529418945,-0.24577373266220093,-0.08577773020351032,0.06951850652694702,-0.28389811515808105,-0.0976103697785149,0.08470374345779419,-0.3272719383239746,-0.09911042497241596
Love,0.0,0.0,0.0,-0.06095314025878906,-0.011038661003112793,-0.025276966283861668,-0.1252461075782776,-0.05381697416305542,-0.041631441454235585,-0.17274034023284912,-0.08723950386047363,-0.05814727012330678,-0.21034252643585205,-0.09938913583755493,-0.07378228370362905,-0.09432333707809448,-0.18864381313323975,-0.030009601156059773,-0.12425023317337036,-0.2659684419631958,-0.05217849824840215,-0.1428666114807129,-0.31278204917907715,-0.06329764787370351,-0.15599465370178223,-0.3566898703575134,-0.07282745454723027,-0.05463385581970215,-0.19978246092796326,-0.03334210057074216,-0.06277865171432495,-0.2583022117614746,-0.08203634236270574,-0.0586126446723938,-0.19135677814483643,-0.09463557217532781,-0.05412977933883667,-0.13943138718605042,-0.0923845580619016,-0.012773752212524414,-0.19708800315856934,-0.03959479172045377,-0.01559823751449585,-0.25073641538619995,-0.08887739096099523,-0.01753014326095581,-0.18470120429992676,-0.09052075062209752,-0.019418537616729736,-0.13529497385025024,-0.07908680651599553,0.028975069522857666,-0.18305742740631104,-0.047265570501629384,0.04959505796432495,-0.24568000435829163,-0.08642933134252218,0.06863313913345337,-0.28373777866363525,-0.09889922652656224,0.08402955532073975,-0.3265450596809387,-0.10080051038676885
Love,0.0,0.0,0.0,-0.06232494115829468,-0.01121377944946289,-0.024376817916174076,-0.12664788961410522,-0.05455517768859863,-0.04019612905814185,-0.17385739088058472,-0.08844512701034546,-0.05628741246892943,-0.21115106344223022,-0.10044980049133301,-0.07149607402517333,-0.09468263387680054,-0.1882329285144806,-0.02758069050743117,-0.12476617097854614,-0.2658977508544922,-0.04880467516614928,-0.14338666200637817,-0.3126097023487091,-0.05953148094250693,-0.15607839822769165,-0.3564802408218384,-0.06887121212913527,-0.0554889440536499,-0.19978845119476318,-0.03106201899482741,-0.06399387121200562,-0.25931257009506226,-0.07826894981100097,-0.06061697006225586,-0.19363287091255188,-0.09055512112810149,-0.055786311626434326,-0.14157143235206604,-0.08829226804210677,-0.013865470886230469,-0.19751083850860596,-0.037442919735450886,-0.017755627632141113,-0.251326322555542,-0.0847245277209474,-0.020202040672302246,-0.18731921911239624,-0.08577841979696288,-0.021149516105651855,-0.1386118233203888,-0.07436883908941283,0.02776437997817993,-0.18373101949691772,-0.045297616098661564,0.04800057411193848,-0.24629086256027222,-0.08272126031353011,0.06646400690078735,-0.2845364511013031,-0.09441359800531401,0.08181703090667725,-0.32712674140930176,-0.09604004484846129
